{"cameraMode":{"drawMode":0,"name":"Shaded","section":"Shading Mode"},"sceneLighting":true,"audioPlay":false,"sceneViewState":{"m_AlwaysRefresh":false,"showFog":true,"showSkybox":true,"showFlares":true,"showImageEffects":true,"showParticleSystems":true,"showVisualEffectGraphs":true,"m_FxEnabled":true},"in2DMode":false,"pivot":{"x":0.8164055347442627,"y":1.0541024208068848,"z":-10.678470611572266},"rotation":{"x":-0.1112993061542511,"y":0.483415812253952,"z":-0.062123432755470279,"w":-0.8660686016082764},"size":14.157899856567383,"orthographic":false}