{"cameraMode":{"drawMode":0,"name":"Shaded","section":"Shading Mode"},"sceneLighting":true,"audioPlay":false,"sceneViewState":{"m_AlwaysRefresh":false,"showFog":true,"showSkybox":true,"showFlares":true,"showImageEffects":true,"showParticleSystems":true,"showVisualEffectGraphs":true,"m_FxEnabled":true},"in2DMode":false,"pivot":{"x":-9.112048149108887,"y":3.5414304733276369,"z":-8.057977676391602},"rotation":{"x":-0.08666885644197464,"y":-0.10976067930459976,"z":0.009603031910955906,"w":-0.9901366829872131},"size":3.5221476554870607,"orthographic":false}